TYPE,ROTATION,treatment,AU,IFM,ORIGIN,SILV_STATE,RETENTION
succession,0,,9.85502004E8,unmanaged,planted,cc_pl,0.092696812276
succession,0,,9.85502004E8,managed,planted,cc_pl,0.092696812276
succession,0,,9.85503001E8,unmanaged,planted,cc_pl,0.07
succession,0,,9.85503001E8,managed,planted,cc_pl,0.07
succession,1,,9.85503001E8,managed,planted,cc_pl_pct,0.07
succession,2,,9.85503001E8,managed,planted,cc_pl_pct_ct,0.07
succession,3,,9.85503001E8,managed,planted,cc_pl_ct_f1,0.07
succession,4,,9.85503001E8,managed,planted,cc_pl_ct_f1_f2,0.07
succession,5,,9.85503001E8,managed,planted,cc_pl_ct_f1_f2_f3,0.07
succession,0,,9.85502003E8,unmanaged,planted,cc_pl,0.791965212254
succession,0,,9.85502003E8,managed,planted,cc_pl,0.791965212254
succession,0,,9.85503E8,unmanaged,planted,cc_pl,0.07
succession,0,,9.85503E8,managed,planted,cc_pl,0.07
succession,1,,9.85503E8,managed,planted,cc_pl_pct,0.07
succession,2,,9.85503E8,managed,planted,cc_pl_pct_ct,0.07
succession,3,,9.85503E8,managed,planted,cc_pl_ct_f1,0.07
succession,4,,9.85503E8,managed,planted,cc_pl_ct_f1_f2,0.07
succession,5,,9.85503E8,managed,planted,cc_pl_ct_f1_f2_f3,0.07
succession,0,,9.85502004E8,unmanaged,planted,cc_pl,0.13420410742
succession,0,,9.85502004E8,managed,planted,cc_pl,0.13420410742
succession,0,,9.85501003E8,unmanaged,natural,baseline,0.238383897113
succession,0,,9.85501003E8,managed,natural,baseline,0.238383897113
succession,1,,9.85501003E8,managed,planted,cc_pl,0.238383897113
succession,0,,9.85501001E8,unmanaged,planted,cc_pl,0.0805447106444
succession,0,,9.85501001E8,managed,planted,cc_pl,0.0805447106444
succession,1,,9.85501001E8,managed,planted,cc_pl_pct,0.0805447106444
succession,2,,9.85501001E8,managed,planted,cc_pl_pct_ct,0.0805447106444
succession,3,,9.85501001E8,managed,planted,cc_pl_ct_f1,0.0805447106444
succession,4,,9.85501001E8,managed,planted,cc_pl_ct_f1_f2,0.0805447106444
succession,5,,9.85501001E8,managed,planted,cc_pl_ct_f1_f2_f3,0.0805447106444
succession,0,,9.85502002E8,unmanaged,natural,baseline,0.07
succession,0,,9.85502002E8,managed,natural,baseline,0.07
succession,1,,9.85502002E8,managed,planted,cc_pl,0.07
succession,2,,9.85502002E8,managed,planted,cc_pl_pct,0.07
succession,3,,9.85502002E8,managed,planted,cc_pl_pct_ct,0.07
succession,4,,9.85502002E8,managed,planted,cc_pl_ct_f1,0.07
succession,5,,9.85502002E8,managed,planted,cc_pl_ct_f1_f2,0.07
succession,6,,9.85502002E8,managed,planted,cc_pl_ct_f1_f2_f3,0.07
succession,0,,9.85501E8,unmanaged,planted,cc_pl,0.07
succession,0,,9.85501E8,managed,planted,cc_pl,0.07
succession,0,,9.85502001E8,unmanaged,planted,cc_pl,0.377644451279
succession,0,,9.85502001E8,managed,planted,cc_pl,0.377644451279
succession,1,,9.85502001E8,managed,planted,cc_pl_pct,0.377644451279
succession,2,,9.85502001E8,managed,planted,cc_pl_pct_ct,0.377644451279
succession,3,,9.85502001E8,managed,planted,cc_pl_ct_f1,0.377644451279
succession,4,,9.85502001E8,managed,planted,cc_pl_ct_f1_f2,0.377644451279
succession,5,,9.85502001E8,managed,planted,cc_pl_ct_f1_f2_f3,0.377644451279
succession,0,,9.85502001E8,unmanaged,planted,cc_pl,0.17612610503
succession,0,,9.85502001E8,managed,planted,cc_pl,0.17612610503
succession,1,,9.85502001E8,managed,planted,cc_pl_pct,0.17612610503
succession,2,,9.85502001E8,managed,planted,cc_pl_pct_ct,0.17612610503
succession,3,,9.85502001E8,managed,planted,cc_pl_ct_f1,0.17612610503
succession,4,,9.85502001E8,managed,planted,cc_pl_ct_f1_f2,0.17612610503
succession,5,,9.85502001E8,managed,planted,cc_pl_ct_f1_f2_f3,0.17612610503
succession,0,,9.85503003E8,unmanaged,natural,baseline,0.374104874003
succession,0,,9.85503003E8,managed,natural,baseline,0.374104874003
succession,1,,9.85503003E8,managed,planted,cc_pl,0.374104874003
succession,0,,9.85501E8,unmanaged,natural,baseline,0.233958494724
succession,0,,9.85501E8,managed,natural,baseline,0.233958494724
succession,1,,9.85501E8,managed,planted,cc_pl,0.233958494724
succession,0,,9.85502002E8,unmanaged,natural,baseline,0.286714152333
succession,0,,9.85502002E8,managed,natural,baseline,0.286714152333
succession,1,,9.85502002E8,managed,planted,cc_pl,0.286714152333
succession,2,,9.85502002E8,managed,planted,cc_pl_pct,0.286714152333
succession,3,,9.85502002E8,managed,planted,cc_pl_pct_ct,0.286714152333
succession,4,,9.85502002E8,managed,planted,cc_pl_ct_f1,0.286714152333
succession,5,,9.85502002E8,managed,planted,cc_pl_ct_f1_f2,0.286714152333
succession,6,,9.85502002E8,managed,planted,cc_pl_ct_f1_f2_f3,0.286714152333
succession,0,,9.85502003E8,unmanaged,natural,baseline,0.973793839534
succession,0,,9.85502003E8,managed,natural,baseline,0.973793839534
succession,1,,9.85502003E8,managed,planted,cc_pl,0.973793839534
succession,0,,9.85503001E8,unmanaged,planted,cc_pl,0.0743900243917
succession,0,,9.85503001E8,managed,planted,cc_pl,0.0743900243917
succession,1,,9.85503001E8,managed,planted,cc_pl_pct,0.0743900243917
succession,2,,9.85503001E8,managed,planted,cc_pl_pct_ct,0.0743900243917
succession,3,,9.85503001E8,managed,planted,cc_pl_ct_f1,0.0743900243917
succession,4,,9.85503001E8,managed,planted,cc_pl_ct_f1_f2,0.0743900243917
succession,5,,9.85503001E8,managed,planted,cc_pl_ct_f1_f2_f3,0.0743900243917
succession,0,,9.85503E8,unmanaged,natural,baseline,0.07
succession,0,,9.85503E8,managed,natural,baseline,0.07
succession,0,,9.85501E8,unmanaged,natural,baseline,0.245914084611
succession,0,,9.85501E8,managed,natural,baseline,0.245914084611
succession,1,,9.85501E8,managed,planted,cc_pl,0.245914084611
succession,0,,9.85502006E8,unmanaged,natural,baseline,1.0
succession,0,,9.85501E8,unmanaged,planted,cc_pl,0.233140682165
succession,0,,9.85501E8,managed,planted,cc_pl,0.233140682165
succession,0,,9.85503E8,unmanaged,planted,cc_pl,0.126259452096
succession,0,,9.85503E8,managed,planted,cc_pl,0.126259452096
succession,1,,9.85503E8,managed,planted,cc_pl_pct,0.126259452096
succession,2,,9.85503E8,managed,planted,cc_pl_pct_ct,0.126259452096
succession,3,,9.85503E8,managed,planted,cc_pl_ct_f1,0.126259452096
succession,4,,9.85503E8,managed,planted,cc_pl_ct_f1_f2,0.126259452096
succession,5,,9.85503E8,managed,planted,cc_pl_ct_f1_f2_f3,0.126259452096
succession,0,,9.85502007E8,unmanaged,natural,baseline,0.303810256611
succession,0,,9.85502007E8,managed,natural,baseline,0.303810256611
succession,1,,9.85502007E8,managed,planted,cc_pl,0.303810256611
succession,0,,9.85502001E8,unmanaged,planted,cc_pl,0.0952753308691
succession,0,,9.85502001E8,managed,planted,cc_pl,0.0952753308691
succession,1,,9.85502001E8,managed,planted,cc_pl_pct,0.0952753308691
succession,2,,9.85502001E8,managed,planted,cc_pl_pct_ct,0.0952753308691
succession,3,,9.85502001E8,managed,planted,cc_pl_ct_f1,0.0952753308691
succession,4,,9.85502001E8,managed,planted,cc_pl_ct_f1_f2,0.0952753308691
succession,5,,9.85502001E8,managed,planted,cc_pl_ct_f1_f2_f3,0.0952753308691
succession,0,,9.85503E8,unmanaged,planted,cc_pl,0.499078884898
succession,0,,9.85503E8,managed,planted,cc_pl,0.499078884898
succession,1,,9.85503E8,managed,planted,cc_pl_pct,0.499078884898
succession,2,,9.85503E8,managed,planted,cc_pl_pct_ct,0.499078884898
succession,3,,9.85503E8,managed,planted,cc_pl_ct_f1,0.499078884898
succession,4,,9.85503E8,managed,planted,cc_pl_ct_f1_f2,0.499078884898
succession,5,,9.85503E8,managed,planted,cc_pl_ct_f1_f2_f3,0.499078884898
succession,0,,9.85503003E8,unmanaged,natural,baseline,0.787777652256
succession,0,,9.85503003E8,managed,natural,baseline,0.787777652256
succession,1,,9.85503003E8,managed,planted,cc_pl,0.787777652256
succession,0,,9.85502002E8,unmanaged,natural,baseline,0.336358892949
succession,0,,9.85502002E8,managed,natural,baseline,0.336358892949
succession,1,,9.85502002E8,managed,planted,cc_pl,0.336358892949
succession,2,,9.85502002E8,managed,planted,cc_pl_pct,0.336358892949
succession,3,,9.85502002E8,managed,planted,cc_pl_pct_ct,0.336358892949
succession,4,,9.85502002E8,managed,planted,cc_pl_ct_f1,0.336358892949
succession,5,,9.85502002E8,managed,planted,cc_pl_ct_f1_f2,0.336358892949
succession,6,,9.85502002E8,managed,planted,cc_pl_ct_f1_f2_f3,0.336358892949
succession,0,,9.85501001E8,unmanaged,natural,baseline,0.07
succession,0,,9.85501001E8,managed,natural,baseline,0.07
succession,1,,9.85501001E8,managed,planted,cc_pl,0.07
succession,2,,9.85501001E8,managed,planted,cc_pl_pct,0.07
succession,3,,9.85501001E8,managed,planted,cc_pl_pct_ct,0.07
succession,4,,9.85501001E8,managed,planted,cc_pl_ct_f1,0.07
succession,5,,9.85501001E8,managed,planted,cc_pl_ct_f1_f2,0.07
succession,6,,9.85501001E8,managed,planted,cc_pl_ct_f1_f2_f3,0.07
succession,0,,9.85501003E8,unmanaged,natural,baseline,0.918579276429
succession,0,,9.85501003E8,managed,natural,baseline,0.918579276429
succession,1,,9.85501003E8,managed,planted,cc_pl,0.918579276429
succession,0,,9.85502003E8,unmanaged,natural,baseline,0.101502634874
succession,0,,9.85502003E8,managed,natural,baseline,0.101502634874
succession,1,,9.85502003E8,managed,planted,cc_pl,0.101502634874
succession,0,,9.85502002E8,unmanaged,planted,cc_pl,0.07
succession,0,,9.85501003E8,unmanaged,natural,baseline,0.07
succession,0,,9.85501003E8,managed,natural,baseline,0.07
succession,1,,9.85501003E8,managed,planted,cc_pl,0.07
succession,0,,9.85503E8,unmanaged,planted,cc_pl,0.125551549758
succession,0,,9.85503E8,managed,planted,cc_pl,0.125551549758
succession,1,,9.85503E8,managed,planted,cc_pl_pct,0.125551549758
succession,2,,9.85503E8,managed,planted,cc_pl_pct_ct,0.125551549758
succession,3,,9.85503E8,managed,planted,cc_pl_ct_f1,0.125551549758
succession,4,,9.85503E8,managed,planted,cc_pl_ct_f1_f2,0.125551549758
succession,5,,9.85503E8,managed,planted,cc_pl_ct_f1_f2_f3,0.125551549758
succession,0,,9.85501E8,unmanaged,natural,baseline,0.07
succession,0,,9.85501E8,managed,natural,baseline,0.07
succession,0,,9.85501001E8,unmanaged,planted,cc_pl,0.138068148104
succession,0,,9.85501001E8,managed,planted,cc_pl,0.138068148104
succession,1,,9.85501001E8,managed,planted,cc_pl_pct,0.138068148104
succession,2,,9.85501001E8,managed,planted,cc_pl_pct_ct,0.138068148104
succession,3,,9.85501001E8,managed,planted,cc_pl_ct_f1,0.138068148104
succession,4,,9.85501001E8,managed,planted,cc_pl_ct_f1_f2,0.138068148104
succession,5,,9.85501001E8,managed,planted,cc_pl_ct_f1_f2_f3,0.138068148104
succession,0,,9.85501E8,unmanaged,natural,baseline,0.12745779471
succession,0,,9.85501E8,managed,natural,baseline,0.12745779471
succession,1,,9.85501E8,managed,planted,cc_pl,0.12745779471
succession,0,,9.85501E8,unmanaged,natural,baseline,0.0906154823104
succession,0,,9.85501E8,managed,natural,baseline,0.0906154823104
succession,1,,9.85501E8,managed,planted,cc_pl,0.0906154823104
succession,0,,9.85502004E8,unmanaged,planted,cc_pl,0.286074558662
succession,0,,9.85502004E8,managed,planted,cc_pl,0.286074558662
succession,0,,9.85501001E8,unmanaged,planted,cc_pl,0.601783085223
succession,0,,9.85501001E8,managed,planted,cc_pl,0.601783085223
succession,1,,9.85501001E8,managed,planted,cc_pl_pct,0.601783085223
succession,2,,9.85501001E8,managed,planted,cc_pl_pct_ct,0.601783085223
succession,3,,9.85501001E8,managed,planted,cc_pl_ct_f1,0.601783085223
succession,4,,9.85501001E8,managed,planted,cc_pl_ct_f1_f2,0.601783085223
succession,5,,9.85501001E8,managed,planted,cc_pl_ct_f1_f2_f3,0.601783085223
succession,0,,9.85501003E8,unmanaged,natural,baseline,0.316831718676
succession,0,,9.85501003E8,managed,natural,baseline,0.316831718676
succession,1,,9.85501003E8,managed,planted,cc_pl,0.316831718676
succession,0,,9.85503003E8,unmanaged,natural,baseline,0.122959693532
succession,0,,9.85503003E8,managed,natural,baseline,0.122959693532
succession,1,,9.85503003E8,managed,planted,cc_pl,0.122959693532
succession,0,,9.85502002E8,unmanaged,natural,baseline,0.984393278486
succession,0,,9.85502002E8,managed,natural,baseline,0.984393278486
succession,1,,9.85502002E8,managed,planted,cc_pl,0.984393278486
succession,2,,9.85502002E8,managed,planted,cc_pl_pct,0.984393278486
succession,3,,9.85502002E8,managed,planted,cc_pl_pct_ct,0.984393278486
succession,4,,9.85502002E8,managed,planted,cc_pl_ct_f1,0.984393278486
succession,5,,9.85502002E8,managed,planted,cc_pl_ct_f1_f2,0.984393278486
succession,6,,9.85502002E8,managed,planted,cc_pl_ct_f1_f2_f3,0.984393278486
succession,0,,9.85502002E8,unmanaged,natural,baseline,0.915365202588
succession,0,,9.85502002E8,managed,natural,baseline,0.915365202588
succession,1,,9.85502002E8,managed,planted,cc_pl,0.915365202588
succession,2,,9.85502002E8,managed,planted,cc_pl_pct,0.915365202588
succession,3,,9.85502002E8,managed,planted,cc_pl_pct_ct,0.915365202588
succession,4,,9.85502002E8,managed,planted,cc_pl_ct_f1,0.915365202588
succession,5,,9.85502002E8,managed,planted,cc_pl_ct_f1_f2,0.915365202588
succession,6,,9.85502002E8,managed,planted,cc_pl_ct_f1_f2_f3,0.915365202588
succession,0,,9.85502004E8,unmanaged,planted,cc_pl,0.07
succession,0,,9.85502004E8,managed,planted,cc_pl,0.07
succession,0,,9.85502004E8,unmanaged,planted,cc_pl,0.893284997877
succession,0,,9.85502004E8,managed,planted,cc_pl,0.893284997877
succession,0,,9.85501001E8,unmanaged,planted,cc_pl,0.430588720708
succession,0,,9.85501001E8,managed,planted,cc_pl,0.430588720708
succession,1,,9.85501001E8,managed,planted,cc_pl_pct,0.430588720708
succession,2,,9.85501001E8,managed,planted,cc_pl_pct_ct,0.430588720708
succession,3,,9.85501001E8,managed,planted,cc_pl_ct_f1,0.430588720708
succession,4,,9.85501001E8,managed,planted,cc_pl_ct_f1_f2,0.430588720708
succession,5,,9.85501001E8,managed,planted,cc_pl_ct_f1_f2_f3,0.430588720708
succession,0,,9.85502002E8,unmanaged,natural,baseline,0.905536880719
succession,0,,9.85502002E8,managed,natural,baseline,0.905536880719
succession,1,,9.85502002E8,managed,planted,cc_pl,0.905536880719
succession,2,,9.85502002E8,managed,planted,cc_pl_pct,0.905536880719
succession,3,,9.85502002E8,managed,planted,cc_pl_pct_ct,0.905536880719
succession,4,,9.85502002E8,managed,planted,cc_pl_ct_f1,0.905536880719
succession,5,,9.85502002E8,managed,planted,cc_pl_ct_f1_f2,0.905536880719
succession,6,,9.85502002E8,managed,planted,cc_pl_ct_f1_f2_f3,0.905536880719
succession,0,,9.85502002E8,unmanaged,natural,baseline,0.994626230067
succession,0,,9.85502002E8,managed,natural,baseline,0.994626230067
succession,1,,9.85502002E8,managed,planted,cc_pl,0.994626230067
succession,2,,9.85502002E8,managed,planted,cc_pl_pct,0.994626230067
succession,3,,9.85502002E8,managed,planted,cc_pl_pct_ct,0.994626230067
succession,4,,9.85502002E8,managed,planted,cc_pl_ct_f1,0.994626230067
succession,5,,9.85502002E8,managed,planted,cc_pl_ct_f1_f2,0.994626230067
succession,6,,9.85502002E8,managed,planted,cc_pl_ct_f1_f2_f3,0.994626230067
succession,0,,9.85502008E8,unmanaged,natural,baseline,1.0
succession,0,,9.85502002E8,unmanaged,natural,baseline,0.984923891173
succession,0,,9.85502002E8,managed,natural,baseline,0.984923891173
succession,1,,9.85502002E8,managed,planted,cc_pl,0.984923891173
succession,2,,9.85502002E8,managed,planted,cc_pl_pct,0.984923891173
succession,3,,9.85502002E8,managed,planted,cc_pl_pct_ct,0.984923891173
succession,4,,9.85502002E8,managed,planted,cc_pl_ct_f1,0.984923891173
succession,5,,9.85502002E8,managed,planted,cc_pl_ct_f1_f2,0.984923891173
succession,6,,9.85502002E8,managed,planted,cc_pl_ct_f1_f2_f3,0.984923891173
succession,0,,9.85503E8,unmanaged,planted,cc_pl,0.724372367216
succession,0,,9.85503E8,managed,planted,cc_pl,0.724372367216
succession,1,,9.85503E8,managed,planted,cc_pl_pct,0.724372367216
succession,2,,9.85503E8,managed,planted,cc_pl_pct_ct,0.724372367216
succession,3,,9.85503E8,managed,planted,cc_pl_ct_f1,0.724372367216
succession,4,,9.85503E8,managed,planted,cc_pl_ct_f1_f2,0.724372367216
succession,5,,9.85503E8,managed,planted,cc_pl_ct_f1_f2_f3,0.724372367216
succession,0,,9.85503E8,unmanaged,planted,cc_pl,0.689147680999
succession,0,,9.85503E8,managed,planted,cc_pl,0.689147680999
succession,1,,9.85503E8,managed,planted,cc_pl_pct,0.689147680999
succession,2,,9.85503E8,managed,planted,cc_pl_pct_ct,0.689147680999
succession,3,,9.85503E8,managed,planted,cc_pl_ct_f1,0.689147680999
succession,4,,9.85503E8,managed,planted,cc_pl_ct_f1_f2,0.689147680999
succession,5,,9.85503E8,managed,planted,cc_pl_ct_f1_f2_f3,0.689147680999
succession,0,,9.85501E8,unmanaged,planted,cc_pl,0.256337605035
succession,0,,9.85501E8,managed,planted,cc_pl,0.256337605035
succession,0,,9.85502001E8,unmanaged,planted,cc_pl,0.07
succession,0,,9.85502001E8,managed,planted,cc_pl,0.07
succession,1,,9.85502001E8,managed,planted,cc_pl_pct,0.07
succession,2,,9.85502001E8,managed,planted,cc_pl_pct_ct,0.07
succession,3,,9.85502001E8,managed,planted,cc_pl_ct_f1,0.07
succession,4,,9.85502001E8,managed,planted,cc_pl_ct_f1_f2,0.07
succession,5,,9.85502001E8,managed,planted,cc_pl_ct_f1_f2_f3,0.07
succession,0,,9.85502002E8,unmanaged,natural,baseline,0.829287294692
succession,0,,9.85502002E8,managed,natural,baseline,0.829287294692
succession,1,,9.85502002E8,managed,planted,cc_pl,0.829287294692
succession,2,,9.85502002E8,managed,planted,cc_pl_pct,0.829287294692
succession,3,,9.85502002E8,managed,planted,cc_pl_pct_ct,0.829287294692
succession,4,,9.85502002E8,managed,planted,cc_pl_ct_f1,0.829287294692
succession,5,,9.85502002E8,managed,planted,cc_pl_ct_f1_f2,0.829287294692
succession,6,,9.85502002E8,managed,planted,cc_pl_ct_f1_f2_f3,0.829287294692
succession,0,,9.85503003E8,unmanaged,natural,baseline,0.07
succession,0,,9.85503003E8,managed,natural,baseline,0.07
succession,1,,9.85503003E8,managed,planted,cc_pl,0.07
succession,0,,9.85502001E8,unmanaged,natural,baseline,0.473218460232
succession,0,,9.85502001E8,managed,natural,baseline,0.473218460232
succession,1,,9.85502001E8,managed,planted,cc_pl,0.473218460232
succession,2,,9.85502001E8,managed,planted,cc_pl_pct,0.473218460232
succession,3,,9.85502001E8,managed,planted,cc_pl_pct_ct,0.473218460232
succession,4,,9.85502001E8,managed,planted,cc_pl_ct_f1,0.473218460232
succession,5,,9.85502001E8,managed,planted,cc_pl_ct_f1_f2,0.473218460232
succession,6,,9.85502001E8,managed,planted,cc_pl_ct_f1_f2_f3,0.473218460232
succession,0,,9.85503E8,unmanaged,planted,cc_pl,0.696058175124
succession,0,,9.85503E8,managed,planted,cc_pl,0.696058175124
succession,1,,9.85503E8,managed,planted,cc_pl_pct,0.696058175124
succession,2,,9.85503E8,managed,planted,cc_pl_pct_ct,0.696058175124
succession,3,,9.85503E8,managed,planted,cc_pl_ct_f1,0.696058175124
succession,4,,9.85503E8,managed,planted,cc_pl_ct_f1_f2,0.696058175124
succession,5,,9.85503E8,managed,planted,cc_pl_ct_f1_f2_f3,0.696058175124
succession,0,,9.85503E8,unmanaged,planted,cc_pl,0.821027260173
succession,0,,9.85503E8,managed,planted,cc_pl,0.821027260173
succession,1,,9.85503E8,managed,planted,cc_pl_pct,0.821027260173
succession,2,,9.85503E8,managed,planted,cc_pl_pct_ct,0.821027260173
succession,3,,9.85503E8,managed,planted,cc_pl_ct_f1,0.821027260173
succession,4,,9.85503E8,managed,planted,cc_pl_ct_f1_f2,0.821027260173
succession,5,,9.85503E8,managed,planted,cc_pl_ct_f1_f2_f3,0.821027260173
succession,0,,9.85502002E8,unmanaged,natural,baseline,0.973328263431
succession,0,,9.85502002E8,managed,natural,baseline,0.973328263431
succession,1,,9.85502002E8,managed,planted,cc_pl,0.973328263431
succession,2,,9.85502002E8,managed,planted,cc_pl_pct,0.973328263431
succession,3,,9.85502002E8,managed,planted,cc_pl_pct_ct,0.973328263431
succession,4,,9.85502002E8,managed,planted,cc_pl_ct_f1,0.973328263431
succession,5,,9.85502002E8,managed,planted,cc_pl_ct_f1_f2,0.973328263431
succession,6,,9.85502002E8,managed,planted,cc_pl_ct_f1_f2_f3,0.973328263431
succession,0,,9.85502002E8,unmanaged,natural,baseline,0.467696804133
succession,0,,9.85502002E8,managed,natural,baseline,0.467696804133
succession,1,,9.85502002E8,managed,planted,cc_pl,0.467696804133
succession,2,,9.85502002E8,managed,planted,cc_pl_pct,0.467696804133
succession,3,,9.85502002E8,managed,planted,cc_pl_pct_ct,0.467696804133
succession,4,,9.85502002E8,managed,planted,cc_pl_ct_f1,0.467696804133
succession,5,,9.85502002E8,managed,planted,cc_pl_ct_f1_f2,0.467696804133
succession,6,,9.85502002E8,managed,planted,cc_pl_ct_f1_f2_f3,0.467696804133
succession,0,,9.85503003E8,unmanaged,planted,cc_pl,0.07
succession,0,,9.85502003E8,unmanaged,natural,baseline,0.106209915032
succession,0,,9.85502003E8,managed,natural,baseline,0.106209915032
succession,1,,9.85502003E8,managed,planted,cc_pl,0.106209915032
succession,0,,9.85503E8,unmanaged,planted,cc_pl,0.505972967195
succession,0,,9.85503E8,managed,planted,cc_pl,0.505972967195
succession,1,,9.85503E8,managed,planted,cc_pl_pct,0.505972967195
succession,2,,9.85503E8,managed,planted,cc_pl_pct_ct,0.505972967195
succession,3,,9.85503E8,managed,planted,cc_pl_ct_f1,0.505972967195
succession,4,,9.85503E8,managed,planted,cc_pl_ct_f1_f2,0.505972967195
succession,5,,9.85503E8,managed,planted,cc_pl_ct_f1_f2_f3,0.505972967195
succession,0,,9.85503E8,unmanaged,planted,cc_pl,0.0714373435723
succession,0,,9.85503E8,managed,planted,cc_pl,0.0714373435723
succession,1,,9.85503E8,managed,planted,cc_pl_pct,0.0714373435723
succession,2,,9.85503E8,managed,planted,cc_pl_pct_ct,0.0714373435723
succession,3,,9.85503E8,managed,planted,cc_pl_ct_f1,0.0714373435723
succession,4,,9.85503E8,managed,planted,cc_pl_ct_f1_f2,0.0714373435723
succession,5,,9.85503E8,managed,planted,cc_pl_ct_f1_f2_f3,0.0714373435723
succession,0,,9.85501003E8,unmanaged,natural,baseline,0.208612479961
succession,0,,9.85501003E8,managed,natural,baseline,0.208612479961
succession,1,,9.85501003E8,managed,planted,cc_pl,0.208612479961
succession,0,,9.85501E8,unmanaged,planted,cc_pl,0.168214903107
succession,0,,9.85501E8,managed,planted,cc_pl,0.168214903107
succession,0,,9.85503E8,unmanaged,natural,baseline,0.623556223083
succession,0,,9.85503E8,managed,natural,baseline,0.623556223083
succession,1,,9.85503E8,managed,planted,cc_pl,0.623556223083
succession,2,,9.85503E8,managed,planted,cc_pl_pct,0.623556223083
succession,3,,9.85503E8,managed,planted,cc_pl_pct_ct,0.623556223083
succession,4,,9.85503E8,managed,planted,cc_pl_ct_f1,0.623556223083
succession,5,,9.85503E8,managed,planted,cc_pl_ct_f1_f2,0.623556223083
succession,6,,9.85503E8,managed,planted,cc_pl_ct_f1_f2_f3,0.623556223083
succession,0,,9.85501001E8,unmanaged,planted,cc_pl,0.283377077846
succession,0,,9.85501001E8,managed,planted,cc_pl,0.283377077846
succession,1,,9.85501001E8,managed,planted,cc_pl_pct,0.283377077846
succession,2,,9.85501001E8,managed,planted,cc_pl_pct_ct,0.283377077846
succession,3,,9.85501001E8,managed,planted,cc_pl_ct_f1,0.283377077846
succession,4,,9.85501001E8,managed,planted,cc_pl_ct_f1_f2,0.283377077846
succession,5,,9.85501001E8,managed,planted,cc_pl_ct_f1_f2_f3,0.283377077846
succession,0,,9.85502007E8,unmanaged,natural,baseline,0.641253615749
succession,0,,9.85502007E8,managed,natural,baseline,0.641253615749
succession,1,,9.85502007E8,managed,planted,cc_pl,0.641253615749
succession,0,,9.85502002E8,unmanaged,natural,baseline,0.350931041263
succession,0,,9.85502002E8,managed,natural,baseline,0.350931041263
succession,1,,9.85502002E8,managed,planted,cc_pl,0.350931041263
succession,2,,9.85502002E8,managed,planted,cc_pl_pct,0.350931041263
succession,3,,9.85502002E8,managed,planted,cc_pl_pct_ct,0.350931041263
succession,4,,9.85502002E8,managed,planted,cc_pl_ct_f1,0.350931041263
succession,5,,9.85502002E8,managed,planted,cc_pl_ct_f1_f2,0.350931041263
succession,6,,9.85502002E8,managed,planted,cc_pl_ct_f1_f2_f3,0.350931041263
succession,0,,9.85503001E8,unmanaged,planted,cc_pl,0.385611455631
succession,0,,9.85503001E8,managed,planted,cc_pl,0.385611455631
succession,1,,9.85503001E8,managed,planted,cc_pl_pct,0.385611455631
succession,2,,9.85503001E8,managed,planted,cc_pl_pct_ct,0.385611455631
succession,3,,9.85503001E8,managed,planted,cc_pl_ct_f1,0.385611455631
succession,4,,9.85503001E8,managed,planted,cc_pl_ct_f1_f2,0.385611455631
succession,5,,9.85503001E8,managed,planted,cc_pl_ct_f1_f2_f3,0.385611455631
succession,0,,9.85501003E8,unmanaged,natural,baseline,0.850163539863
succession,0,,9.85501003E8,managed,natural,baseline,0.850163539863
succession,1,,9.85501003E8,managed,planted,cc_pl,0.850163539863
succession,0,,9.85502003E8,unmanaged,natural,baseline,0.269390960045
succession,0,,9.85502003E8,managed,natural,baseline,0.269390960045
succession,1,,9.85502003E8,managed,planted,cc_pl,0.269390960045
succession,0,,9.85502001E8,unmanaged,planted,cc_pl,0.3717653841
succession,0,,9.85502001E8,managed,planted,cc_pl,0.3717653841
succession,1,,9.85502001E8,managed,planted,cc_pl_pct,0.3717653841
succession,2,,9.85502001E8,managed,planted,cc_pl_pct_ct,0.3717653841
succession,3,,9.85502001E8,managed,planted,cc_pl_ct_f1,0.3717653841
succession,4,,9.85502001E8,managed,planted,cc_pl_ct_f1_f2,0.3717653841
succession,5,,9.85502001E8,managed,planted,cc_pl_ct_f1_f2_f3,0.3717653841
succession,0,,9.85503E8,unmanaged,planted,cc_pl,0.172770410747
succession,0,,9.85503E8,managed,planted,cc_pl,0.172770410747
succession,1,,9.85503E8,managed,planted,cc_pl_pct,0.172770410747
succession,2,,9.85503E8,managed,planted,cc_pl_pct_ct,0.172770410747
succession,3,,9.85503E8,managed,planted,cc_pl_ct_f1,0.172770410747
succession,4,,9.85503E8,managed,planted,cc_pl_ct_f1_f2,0.172770410747
succession,5,,9.85503E8,managed,planted,cc_pl_ct_f1_f2_f3,0.172770410747
succession,0,,9.85502002E8,unmanaged,natural,baseline,0.494159328853
succession,0,,9.85502002E8,managed,natural,baseline,0.494159328853
succession,1,,9.85502002E8,managed,planted,cc_pl,0.494159328853
succession,2,,9.85502002E8,managed,planted,cc_pl_pct,0.494159328853
succession,3,,9.85502002E8,managed,planted,cc_pl_pct_ct,0.494159328853
succession,4,,9.85502002E8,managed,planted,cc_pl_ct_f1,0.494159328853
succession,5,,9.85502002E8,managed,planted,cc_pl_ct_f1_f2,0.494159328853
succession,6,,9.85502002E8,managed,planted,cc_pl_ct_f1_f2_f3,0.494159328853
succession,0,,9.85502004E8,unmanaged,planted,cc_pl,0.963962629603
succession,0,,9.85502004E8,managed,planted,cc_pl,0.963962629603
succession,0,,9.85502002E8,unmanaged,natural,baseline,0.173734897274
succession,0,,9.85502002E8,managed,natural,baseline,0.173734897274
succession,1,,9.85502002E8,managed,planted,cc_pl,0.173734897274
succession,2,,9.85502002E8,managed,planted,cc_pl_pct,0.173734897274
succession,3,,9.85502002E8,managed,planted,cc_pl_pct_ct,0.173734897274
succession,4,,9.85502002E8,managed,planted,cc_pl_ct_f1,0.173734897274
succession,5,,9.85502002E8,managed,planted,cc_pl_ct_f1_f2,0.173734897274
succession,6,,9.85502002E8,managed,planted,cc_pl_ct_f1_f2_f3,0.173734897274
succession,0,,9.85503E8,unmanaged,planted,cc_pl,0.103730120011
succession,0,,9.85503E8,managed,planted,cc_pl,0.103730120011
succession,1,,9.85503E8,managed,planted,cc_pl_pct,0.103730120011
succession,2,,9.85503E8,managed,planted,cc_pl_pct_ct,0.103730120011
succession,3,,9.85503E8,managed,planted,cc_pl_ct_f1,0.103730120011
succession,4,,9.85503E8,managed,planted,cc_pl_ct_f1_f2,0.103730120011
succession,5,,9.85503E8,managed,planted,cc_pl_ct_f1_f2_f3,0.103730120011
succession,0,,9.85503E8,unmanaged,natural,baseline,0.658071427221
succession,0,,9.85503E8,managed,natural,baseline,0.658071427221
succession,1,,9.85503E8,managed,planted,cc_pl,0.658071427221
succession,2,,9.85503E8,managed,planted,cc_pl_pct,0.658071427221
succession,3,,9.85503E8,managed,planted,cc_pl_pct_ct,0.658071427221
succession,4,,9.85503E8,managed,planted,cc_pl_ct_f1,0.658071427221
succession,5,,9.85503E8,managed,planted,cc_pl_ct_f1_f2,0.658071427221
succession,6,,9.85503E8,managed,planted,cc_pl_ct_f1_f2_f3,0.658071427221
succession,0,,9.85502002E8,unmanaged,natural,baseline,0.879675070775
succession,0,,9.85502002E8,managed,natural,baseline,0.879675070775
succession,1,,9.85502002E8,managed,planted,cc_pl,0.879675070775
succession,2,,9.85502002E8,managed,planted,cc_pl_pct,0.879675070775
succession,3,,9.85502002E8,managed,planted,cc_pl_pct_ct,0.879675070775
succession,4,,9.85502002E8,managed,planted,cc_pl_ct_f1,0.879675070775
succession,5,,9.85502002E8,managed,planted,cc_pl_ct_f1_f2,0.879675070775
succession,6,,9.85502002E8,managed,planted,cc_pl_ct_f1_f2_f3,0.879675070775
succession,0,,9.85501E8,unmanaged,planted,cc_pl,0.117970506126
succession,0,,9.85501E8,managed,planted,cc_pl,0.117970506126
succession,0,,9.85502003E8,unmanaged,natural,baseline,0.426364333152
succession,0,,9.85502003E8,managed,natural,baseline,0.426364333152
succession,1,,9.85502003E8,managed,planted,cc_pl,0.426364333152
succession,0,,9.85501003E8,unmanaged,natural,baseline,0.5549394983
succession,0,,9.85501003E8,managed,natural,baseline,0.5549394983
succession,1,,9.85501003E8,managed,planted,cc_pl,0.5549394983
succession,0,,9.85502002E8,unmanaged,natural,baseline,0.958070833289
succession,0,,9.85502002E8,managed,natural,baseline,0.958070833289
succession,1,,9.85502002E8,managed,planted,cc_pl,0.958070833289
succession,2,,9.85502002E8,managed,planted,cc_pl_pct,0.958070833289
succession,3,,9.85502002E8,managed,planted,cc_pl_pct_ct,0.958070833289
succession,4,,9.85502002E8,managed,planted,cc_pl_ct_f1,0.958070833289
succession,5,,9.85502002E8,managed,planted,cc_pl_ct_f1_f2,0.958070833289
succession,6,,9.85502002E8,managed,planted,cc_pl_ct_f1_f2_f3,0.958070833289
succession,0,,9.85503E8,unmanaged,planted,cc_pl,0.2621758846
succession,0,,9.85503E8,managed,planted,cc_pl,0.2621758846
succession,1,,9.85503E8,managed,planted,cc_pl_pct,0.2621758846
succession,2,,9.85503E8,managed,planted,cc_pl_pct_ct,0.2621758846
succession,3,,9.85503E8,managed,planted,cc_pl_ct_f1,0.2621758846
succession,4,,9.85503E8,managed,planted,cc_pl_ct_f1_f2,0.2621758846
succession,5,,9.85503E8,managed,planted,cc_pl_ct_f1_f2_f3,0.2621758846
succession,0,,9.85502001E8,unmanaged,planted,cc_pl,0.0757104757039
succession,0,,9.85502001E8,managed,planted,cc_pl,0.0757104757039
succession,1,,9.85502001E8,managed,planted,cc_pl_pct,0.0757104757039
succession,2,,9.85502001E8,managed,planted,cc_pl_pct_ct,0.0757104757039
succession,3,,9.85502001E8,managed,planted,cc_pl_ct_f1,0.0757104757039
succession,4,,9.85502001E8,managed,planted,cc_pl_ct_f1_f2,0.0757104757039
succession,5,,9.85502001E8,managed,planted,cc_pl_ct_f1_f2_f3,0.0757104757039
succession,0,,9.85502004E8,unmanaged,planted,cc_pl,0.89304630117
succession,0,,9.85502004E8,managed,planted,cc_pl,0.89304630117
succession,0,,9.85503003E8,unmanaged,natural,baseline,0.889954000794
succession,0,,9.85503003E8,managed,natural,baseline,0.889954000794
succession,1,,9.85503003E8,managed,planted,cc_pl,0.889954000794
succession,0,,9.85502002E8,unmanaged,natural,baseline,0.152396583313
succession,0,,9.85502002E8,managed,natural,baseline,0.152396583313
succession,1,,9.85502002E8,managed,planted,cc_pl,0.152396583313
succession,2,,9.85502002E8,managed,planted,cc_pl_pct,0.152396583313
succession,3,,9.85502002E8,managed,planted,cc_pl_pct_ct,0.152396583313
succession,4,,9.85502002E8,managed,planted,cc_pl_ct_f1,0.152396583313
succession,5,,9.85502002E8,managed,planted,cc_pl_ct_f1_f2,0.152396583313
succession,6,,9.85502002E8,managed,planted,cc_pl_ct_f1_f2_f3,0.152396583313
succession,0,,9.85502003E8,unmanaged,natural,baseline,0.428087324547
succession,0,,9.85502003E8,managed,natural,baseline,0.428087324547
succession,1,,9.85502003E8,managed,planted,cc_pl,0.428087324547
succession,0,,9.85503001E8,unmanaged,planted,cc_pl,0.163161782358
succession,0,,9.85503001E8,managed,planted,cc_pl,0.163161782358
succession,1,,9.85503001E8,managed,planted,cc_pl_pct,0.163161782358
succession,2,,9.85503001E8,managed,planted,cc_pl_pct_ct,0.163161782358
succession,3,,9.85503001E8,managed,planted,cc_pl_ct_f1,0.163161782358
succession,4,,9.85503001E8,managed,planted,cc_pl_ct_f1_f2,0.163161782358
succession,5,,9.85503001E8,managed,planted,cc_pl_ct_f1_f2_f3,0.163161782358
succession,0,,9.85503E8,unmanaged,planted,cc_pl,0.528989470173
succession,0,,9.85503E8,managed,planted,cc_pl,0.528989470173
succession,1,,9.85503E8,managed,planted,cc_pl_pct,0.528989470173
succession,2,,9.85503E8,managed,planted,cc_pl_pct_ct,0.528989470173
succession,3,,9.85503E8,managed,planted,cc_pl_ct_f1,0.528989470173
succession,4,,9.85503E8,managed,planted,cc_pl_ct_f1_f2,0.528989470173
succession,5,,9.85503E8,managed,planted,cc_pl_ct_f1_f2_f3,0.528989470173
succession,0,,9.85501001E8,unmanaged,natural,baseline,0.440168494538
succession,0,,9.85501001E8,managed,natural,baseline,0.440168494538
succession,1,,9.85501001E8,managed,planted,cc_pl,0.440168494538
succession,2,,9.85501001E8,managed,planted,cc_pl_pct,0.440168494538
succession,3,,9.85501001E8,managed,planted,cc_pl_pct_ct,0.440168494538
succession,4,,9.85501001E8,managed,planted,cc_pl_ct_f1,0.440168494538
succession,5,,9.85501001E8,managed,planted,cc_pl_ct_f1_f2,0.440168494538
succession,6,,9.85501001E8,managed,planted,cc_pl_ct_f1_f2_f3,0.440168494538
succession,0,,9.85502003E8,unmanaged,natural,baseline,0.106946832196
succession,0,,9.85502003E8,managed,natural,baseline,0.106946832196
succession,1,,9.85502003E8,managed,planted,cc_pl,0.106946832196
succession,0,,9.85503E8,unmanaged,natural,baseline,0.319366787709
succession,0,,9.85503E8,managed,natural,baseline,0.319366787709
succession,1,,9.85503E8,managed,planted,cc_pl,0.319366787709
succession,2,,9.85503E8,managed,planted,cc_pl_pct,0.319366787709
succession,3,,9.85503E8,managed,planted,cc_pl_pct_ct,0.319366787709
succession,4,,9.85503E8,managed,planted,cc_pl_ct_f1,0.319366787709
succession,5,,9.85503E8,managed,planted,cc_pl_ct_f1_f2,0.319366787709
succession,6,,9.85503E8,managed,planted,cc_pl_ct_f1_f2_f3,0.319366787709
succession,0,,9.85502004E8,unmanaged,planted,cc_pl,0.73103799262
succession,0,,9.85502004E8,managed,planted,cc_pl,0.73103799262
succession,0,,9.85503001E8,unmanaged,planted,cc_pl,0.581594548715
succession,0,,9.85503001E8,managed,planted,cc_pl,0.581594548715
succession,1,,9.85503001E8,managed,planted,cc_pl_pct,0.581594548715
succession,2,,9.85503001E8,managed,planted,cc_pl_pct_ct,0.581594548715
succession,3,,9.85503001E8,managed,planted,cc_pl_ct_f1,0.581594548715
succession,4,,9.85503001E8,managed,planted,cc_pl_ct_f1_f2,0.581594548715
succession,5,,9.85503001E8,managed,planted,cc_pl_ct_f1_f2_f3,0.581594548715
succession,0,,9.85503E8,unmanaged,planted,cc_pl,0.265560269284
succession,0,,9.85503E8,managed,planted,cc_pl,0.265560269284
succession,1,,9.85503E8,managed,planted,cc_pl_pct,0.265560269284
succession,2,,9.85503E8,managed,planted,cc_pl_pct_ct,0.265560269284
succession,3,,9.85503E8,managed,planted,cc_pl_ct_f1,0.265560269284
succession,4,,9.85503E8,managed,planted,cc_pl_ct_f1_f2,0.265560269284
succession,5,,9.85503E8,managed,planted,cc_pl_ct_f1_f2_f3,0.265560269284
succession,0,,9.85502003E8,unmanaged,planted,cc_pl,0.73146568171
succession,0,,9.85502003E8,managed,planted,cc_pl,0.73146568171
succession,0,,9.85501001E8,unmanaged,planted,cc_pl,0.467438824188
succession,0,,9.85501001E8,managed,planted,cc_pl,0.467438824188
succession,1,,9.85501001E8,managed,planted,cc_pl_pct,0.467438824188
succession,2,,9.85501001E8,managed,planted,cc_pl_pct_ct,0.467438824188
succession,3,,9.85501001E8,managed,planted,cc_pl_ct_f1,0.467438824188
succession,4,,9.85501001E8,managed,planted,cc_pl_ct_f1_f2,0.467438824188
succession,5,,9.85501001E8,managed,planted,cc_pl_ct_f1_f2_f3,0.467438824188
succession,0,,9.85502001E8,unmanaged,planted,cc_pl,0.354441959338
succession,0,,9.85502001E8,managed,planted,cc_pl,0.354441959338
succession,1,,9.85502001E8,managed,planted,cc_pl_pct,0.354441959338
succession,2,,9.85502001E8,managed,planted,cc_pl_pct_ct,0.354441959338
succession,3,,9.85502001E8,managed,planted,cc_pl_ct_f1,0.354441959338
succession,4,,9.85502001E8,managed,planted,cc_pl_ct_f1_f2,0.354441959338
succession,5,,9.85502001E8,managed,planted,cc_pl_ct_f1_f2_f3,0.354441959338
succession,0,,9.85502002E8,unmanaged,natural,baseline,0.108489577546
succession,0,,9.85502002E8,managed,natural,baseline,0.108489577546
succession,1,,9.85502002E8,managed,planted,cc_pl,0.108489577546
succession,2,,9.85502002E8,managed,planted,cc_pl_pct,0.108489577546
succession,3,,9.85502002E8,managed,planted,cc_pl_pct_ct,0.108489577546
succession,4,,9.85502002E8,managed,planted,cc_pl_ct_f1,0.108489577546
succession,5,,9.85502002E8,managed,planted,cc_pl_ct_f1_f2,0.108489577546
succession,6,,9.85502002E8,managed,planted,cc_pl_ct_f1_f2_f3,0.108489577546
succession,0,,9.85503003E8,unmanaged,natural,baseline,0.24668595518
succession,0,,9.85503003E8,managed,natural,baseline,0.24668595518
succession,1,,9.85503003E8,managed,planted,cc_pl,0.24668595518
succession,0,,9.85502002E8,unmanaged,natural,baseline,0.250628581742
succession,0,,9.85502002E8,managed,natural,baseline,0.250628581742
succession,1,,9.85502002E8,managed,planted,cc_pl,0.250628581742
succession,2,,9.85502002E8,managed,planted,cc_pl_pct,0.250628581742
succession,3,,9.85502002E8,managed,planted,cc_pl_pct_ct,0.250628581742
succession,4,,9.85502002E8,managed,planted,cc_pl_ct_f1,0.250628581742
succession,5,,9.85502002E8,managed,planted,cc_pl_ct_f1_f2,0.250628581742
succession,6,,9.85502002E8,managed,planted,cc_pl_ct_f1_f2_f3,0.250628581742
succession,0,,9.85502004E8,unmanaged,planted,cc_pl,0.765644255548
succession,0,,9.85502004E8,managed,planted,cc_pl,0.765644255548
succession,0,,9.85502005E8,unmanaged,natural,baseline,0.478947086421
succession,0,,9.85502005E8,managed,natural,baseline,0.478947086421
succession,1,,9.85502005E8,managed,planted,cc_pl,0.478947086421
succession,0,,9.85503003E8,unmanaged,natural,baseline,0.348407111032
succession,0,,9.85503003E8,managed,natural,baseline,0.348407111032
succession,1,,9.85503003E8,managed,planted,cc_pl,0.348407111032
succession,0,,9.85502007E8,unmanaged,natural,baseline,0.07
succession,0,,9.85502007E8,managed,natural,baseline,0.07
succession,1,,9.85502007E8,managed,planted,cc_pl,0.07
succession,0,,9.85502007E8,unmanaged,natural,baseline,0.265903085753
succession,0,,9.85502007E8,managed,natural,baseline,0.265903085753
succession,1,,9.85502007E8,managed,planted,cc_pl,0.265903085753
succession,0,,9.85503001E8,unmanaged,planted,cc_pl,0.125358116896
succession,0,,9.85503001E8,managed,planted,cc_pl,0.125358116896
succession,1,,9.85503001E8,managed,planted,cc_pl_pct,0.125358116896
succession,2,,9.85503001E8,managed,planted,cc_pl_pct_ct,0.125358116896
succession,3,,9.85503001E8,managed,planted,cc_pl_ct_f1,0.125358116896
succession,4,,9.85503001E8,managed,planted,cc_pl_ct_f1_f2,0.125358116896
succession,5,,9.85503001E8,managed,planted,cc_pl_ct_f1_f2_f3,0.125358116896
succession,0,,9.85501E8,unmanaged,planted,cc_pl,0.823585119235
succession,0,,9.85501E8,managed,planted,cc_pl,0.823585119235
succession,0,,9.85501E8,unmanaged,natural,baseline,0.107082939985
succession,0,,9.85501E8,managed,natural,baseline,0.107082939985
succession,1,,9.85501E8,managed,planted,cc_pl,0.107082939985
succession,0,,9.85502002E8,unmanaged,planted,cc_pl,0.222741010503
succession,0,,9.85502002E8,managed,planted,cc_pl,0.222741010503
succession,1,,9.85502002E8,managed,planted,cc_pl_pct,0.222741010503
succession,2,,9.85502002E8,managed,planted,cc_pl_pct_ct,0.222741010503
succession,3,,9.85502002E8,managed,planted,cc_pl_ct_f1,0.222741010503
succession,4,,9.85502002E8,managed,planted,cc_pl_ct_f1_f2,0.222741010503
succession,5,,9.85502002E8,managed,planted,cc_pl_ct_f1_f2_f3,0.222741010503
succession,0,,9.85503E8,unmanaged,natural,baseline,0.180037642158
succession,0,,9.85503E8,managed,natural,baseline,0.180037642158
succession,1,,9.85503E8,managed,planted,cc_pl,0.180037642158
succession,2,,9.85503E8,managed,planted,cc_pl_pct,0.180037642158
succession,3,,9.85503E8,managed,planted,cc_pl_pct_ct,0.180037642158
succession,4,,9.85503E8,managed,planted,cc_pl_ct_f1,0.180037642158
succession,5,,9.85503E8,managed,planted,cc_pl_ct_f1_f2,0.180037642158
succession,6,,9.85503E8,managed,planted,cc_pl_ct_f1_f2_f3,0.180037642158
succession,0,,9.85502005E8,unmanaged,planted,cc_pl,0.07
succession,0,,9.85502005E8,managed,planted,cc_pl,0.07
succession,0,,9.85501003E8,unmanaged,natural,baseline,0.932022388008
succession,0,,9.85501003E8,managed,natural,baseline,0.932022388008
succession,1,,9.85501003E8,managed,planted,cc_pl,0.932022388008
succession,0,,9.85501003E8,unmanaged,natural,baseline,0.410299995511
succession,0,,9.85501003E8,managed,natural,baseline,0.410299995511
succession,1,,9.85501003E8,managed,planted,cc_pl,0.410299995511
succession,0,,9.85502003E8,unmanaged,natural,baseline,0.221128070689
succession,0,,9.85502003E8,managed,natural,baseline,0.221128070689
succession,1,,9.85502003E8,managed,planted,cc_pl,0.221128070689
succession,0,,9.85503003E8,unmanaged,natural,baseline,0.423186291915
succession,0,,9.85503003E8,managed,natural,baseline,0.423186291915
succession,1,,9.85503003E8,managed,planted,cc_pl,0.423186291915
succession,0,,9.85501E8,unmanaged,planted,cc_pl,0.198136156324
succession,0,,9.85501E8,managed,planted,cc_pl,0.198136156324
succession,0,,9.85503E8,unmanaged,planted,cc_pl,0.204681352344
succession,0,,9.85503E8,managed,planted,cc_pl,0.204681352344
succession,1,,9.85503E8,managed,planted,cc_pl_pct,0.204681352344
succession,2,,9.85503E8,managed,planted,cc_pl_pct_ct,0.204681352344
succession,3,,9.85503E8,managed,planted,cc_pl_ct_f1,0.204681352344
succession,4,,9.85503E8,managed,planted,cc_pl_ct_f1_f2,0.204681352344
succession,5,,9.85503E8,managed,planted,cc_pl_ct_f1_f2_f3,0.204681352344
succession,0,,9.85503E8,unmanaged,planted,cc_pl,0.108028774973
succession,0,,9.85503E8,managed,planted,cc_pl,0.108028774973
succession,1,,9.85503E8,managed,planted,cc_pl_pct,0.108028774973
succession,2,,9.85503E8,managed,planted,cc_pl_pct_ct,0.108028774973
succession,3,,9.85503E8,managed,planted,cc_pl_ct_f1,0.108028774973
succession,4,,9.85503E8,managed,planted,cc_pl_ct_f1_f2,0.108028774973
succession,5,,9.85503E8,managed,planted,cc_pl_ct_f1_f2_f3,0.108028774973
succession,0,,9.85501E8,unmanaged,natural,baseline,0.340445796815
succession,0,,9.85501E8,managed,natural,baseline,0.340445796815
succession,1,,9.85501E8,managed,planted,cc_pl,0.340445796815
succession,0,,9.85502001E8,unmanaged,planted,cc_pl,0.183298006844
succession,0,,9.85502001E8,managed,planted,cc_pl,0.183298006844
succession,1,,9.85502001E8,managed,planted,cc_pl_pct,0.183298006844
succession,2,,9.85502001E8,managed,planted,cc_pl_pct_ct,0.183298006844
succession,3,,9.85502001E8,managed,planted,cc_pl_ct_f1,0.183298006844
succession,4,,9.85502001E8,managed,planted,cc_pl_ct_f1_f2,0.183298006844
succession,5,,9.85502001E8,managed,planted,cc_pl_ct_f1_f2_f3,0.183298006844
succession,0,,9.85502001E8,unmanaged,planted,cc_pl,0.272158240178
succession,0,,9.85502001E8,managed,planted,cc_pl,0.272158240178
succession,1,,9.85502001E8,managed,planted,cc_pl_pct,0.272158240178
succession,2,,9.85502001E8,managed,planted,cc_pl_pct_ct,0.272158240178
succession,3,,9.85502001E8,managed,planted,cc_pl_ct_f1,0.272158240178
succession,4,,9.85502001E8,managed,planted,cc_pl_ct_f1_f2,0.272158240178
succession,5,,9.85502001E8,managed,planted,cc_pl_ct_f1_f2_f3,0.272158240178
succession,0,,9.85503E8,unmanaged,planted,cc_pl,0.081100915014
succession,0,,9.85503E8,managed,planted,cc_pl,0.081100915014
succession,1,,9.85503E8,managed,planted,cc_pl_pct,0.081100915014
succession,2,,9.85503E8,managed,planted,cc_pl_pct_ct,0.081100915014
succession,3,,9.85503E8,managed,planted,cc_pl_ct_f1,0.081100915014
succession,4,,9.85503E8,managed,planted,cc_pl_ct_f1_f2,0.081100915014
succession,5,,9.85503E8,managed,planted,cc_pl_ct_f1_f2_f3,0.081100915014
succession,0,,9.85503E8,unmanaged,planted,cc_pl,0.196642866716
succession,0,,9.85503E8,managed,planted,cc_pl,0.196642866716
succession,1,,9.85503E8,managed,planted,cc_pl_pct,0.196642866716
succession,2,,9.85503E8,managed,planted,cc_pl_pct_ct,0.196642866716
succession,3,,9.85503E8,managed,planted,cc_pl_ct_f1,0.196642866716
succession,4,,9.85503E8,managed,planted,cc_pl_ct_f1_f2,0.196642866716
succession,5,,9.85503E8,managed,planted,cc_pl_ct_f1_f2_f3,0.196642866716
succession,0,,9.85502002E8,unmanaged,natural,baseline,0.738509197926
succession,0,,9.85502002E8,managed,natural,baseline,0.738509197926
succession,1,,9.85502002E8,managed,planted,cc_pl,0.738509197926
succession,2,,9.85502002E8,managed,planted,cc_pl_pct,0.738509197926
succession,3,,9.85502002E8,managed,planted,cc_pl_pct_ct,0.738509197926
succession,4,,9.85502002E8,managed,planted,cc_pl_ct_f1,0.738509197926
succession,5,,9.85502002E8,managed,planted,cc_pl_ct_f1_f2,0.738509197926
succession,6,,9.85502002E8,managed,planted,cc_pl_ct_f1_f2_f3,0.738509197926
succession,0,,9.85503001E8,unmanaged,natural,baseline,0.07
succession,0,,9.85503001E8,managed,natural,baseline,0.07
succession,0,,9.85503E8,unmanaged,natural,baseline,0.266484715444
succession,0,,9.85503E8,managed,natural,baseline,0.266484715444
succession,1,,9.85503E8,managed,planted,cc_pl,0.266484715444
succession,2,,9.85503E8,managed,planted,cc_pl_pct,0.266484715444
succession,3,,9.85503E8,managed,planted,cc_pl_pct_ct,0.266484715444
succession,4,,9.85503E8,managed,planted,cc_pl_ct_f1,0.266484715444
succession,5,,9.85503E8,managed,planted,cc_pl_ct_f1_f2,0.266484715444
succession,6,,9.85503E8,managed,planted,cc_pl_ct_f1_f2_f3,0.266484715444
succession,0,,9.85501001E8,unmanaged,planted,cc_pl,0.896217293005
succession,0,,9.85501001E8,managed,planted,cc_pl,0.896217293005
succession,1,,9.85501001E8,managed,planted,cc_pl_pct,0.896217293005
succession,2,,9.85501001E8,managed,planted,cc_pl_pct_ct,0.896217293005
succession,3,,9.85501001E8,managed,planted,cc_pl_ct_f1,0.896217293005
succession,4,,9.85501001E8,managed,planted,cc_pl_ct_f1_f2,0.896217293005
succession,5,,9.85501001E8,managed,planted,cc_pl_ct_f1_f2_f3,0.896217293005
succession,0,,9.85502002E8,unmanaged,natural,baseline,0.478257792157
succession,0,,9.85502002E8,managed,natural,baseline,0.478257792157
succession,1,,9.85502002E8,managed,planted,cc_pl,0.478257792157
succession,2,,9.85502002E8,managed,planted,cc_pl_pct,0.478257792157
succession,3,,9.85502002E8,managed,planted,cc_pl_pct_ct,0.478257792157
succession,4,,9.85502002E8,managed,planted,cc_pl_ct_f1,0.478257792157
succession,5,,9.85502002E8,managed,planted,cc_pl_ct_f1_f2,0.478257792157
succession,6,,9.85502002E8,managed,planted,cc_pl_ct_f1_f2_f3,0.478257792157
succession,0,,9.85503001E8,unmanaged,planted,cc_pl,0.433582019437
succession,0,,9.85503001E8,managed,planted,cc_pl,0.433582019437
succession,1,,9.85503001E8,managed,planted,cc_pl_pct,0.433582019437
succession,2,,9.85503001E8,managed,planted,cc_pl_pct_ct,0.433582019437
succession,3,,9.85503001E8,managed,planted,cc_pl_ct_f1,0.433582019437
succession,4,,9.85503001E8,managed,planted,cc_pl_ct_f1_f2,0.433582019437
succession,5,,9.85503001E8,managed,planted,cc_pl_ct_f1_f2_f3,0.433582019437
succession,0,,9.85501E8,unmanaged,natural,baseline,0.129492828771
succession,0,,9.85501E8,managed,natural,baseline,0.129492828771
succession,1,,9.85501E8,managed,planted,cc_pl,0.129492828771
succession,0,,9.85501E8,unmanaged,planted,cc_pl,0.159214595054
succession,0,,9.85501E8,managed,planted,cc_pl,0.159214595054
succession,0,,9.85502003E8,unmanaged,natural,baseline,0.118401567943
succession,0,,9.85502003E8,managed,natural,baseline,0.118401567943
succession,1,,9.85502003E8,managed,planted,cc_pl,0.118401567943
succession,0,,9.85503E8,unmanaged,natural,baseline,0.0767240231376
succession,0,,9.85503E8,managed,natural,baseline,0.0767240231376
succession,1,,9.85503E8,managed,planted,cc_pl,0.0767240231376
succession,2,,9.85503E8,managed,planted,cc_pl_pct,0.0767240231376
succession,3,,9.85503E8,managed,planted,cc_pl_pct_ct,0.0767240231376
succession,4,,9.85503E8,managed,planted,cc_pl_ct_f1,0.0767240231376
succession,5,,9.85503E8,managed,planted,cc_pl_ct_f1_f2,0.0767240231376
succession,6,,9.85503E8,managed,planted,cc_pl_ct_f1_f2_f3,0.0767240231376
succession,0,,9.85502003E8,unmanaged,natural,baseline,0.123910496762
succession,0,,9.85502003E8,managed,natural,baseline,0.123910496762
succession,1,,9.85502003E8,managed,planted,cc_pl,0.123910496762
succession,0,,9.85502003E8,unmanaged,natural,baseline,0.07
succession,0,,9.85502003E8,managed,natural,baseline,0.07
succession,1,,9.85502003E8,managed,planted,cc_pl,0.07
succession,0,,9.85503003E8,unmanaged,natural,baseline,0.151627450199
succession,0,,9.85503003E8,managed,natural,baseline,0.151627450199
succession,1,,9.85503003E8,managed,planted,cc_pl,0.151627450199
succession,0,,9.85502001E8,unmanaged,natural,baseline,0.316299708213
succession,0,,9.85502001E8,managed,natural,baseline,0.316299708213
succession,1,,9.85502001E8,managed,planted,cc_pl,0.316299708213
succession,2,,9.85502001E8,managed,planted,cc_pl_pct,0.316299708213
succession,3,,9.85502001E8,managed,planted,cc_pl_pct_ct,0.316299708213
succession,4,,9.85502001E8,managed,planted,cc_pl_ct_f1,0.316299708213
succession,5,,9.85502001E8,managed,planted,cc_pl_ct_f1_f2,0.316299708213
succession,6,,9.85502001E8,managed,planted,cc_pl_ct_f1_f2_f3,0.316299708213
succession,0,,9.85503E8,unmanaged,planted,cc_pl,0.141228957222
succession,0,,9.85503E8,managed,planted,cc_pl,0.141228957222
succession,1,,9.85503E8,managed,planted,cc_pl_pct,0.141228957222
succession,2,,9.85503E8,managed,planted,cc_pl_pct_ct,0.141228957222
succession,3,,9.85503E8,managed,planted,cc_pl_ct_f1,0.141228957222
succession,4,,9.85503E8,managed,planted,cc_pl_ct_f1_f2,0.141228957222
succession,5,,9.85503E8,managed,planted,cc_pl_ct_f1_f2_f3,0.141228957222
succession,0,,9.85501E8,unmanaged,natural,baseline,0.366709767087
succession,0,,9.85501E8,managed,natural,baseline,0.366709767087
succession,1,,9.85501E8,managed,planted,cc_pl,0.366709767087
